hotelNo,node,checkinDate,checkoutDate,hotelName,address,minCharge,reviewAverage,hasReview
74717,Node A - Tojinbo,2026-10-01,2026-10-02,ビジネスホテル　つるや,福井県坂井市三国町緑ヶ丘2-5-27,7150,3.9,True
14786,Node A - Tojinbo,2026-10-01,2026-10-02,リゾートホテル＆レストラン　なぎさ,福井県坂井市三国町梶,4500,3.74,True
177579,Node A - Tojinbo,2026-10-01,2026-10-02,風の杜,福井県坂井市三国町緑ヶ丘4-5-16,10340,4.76,True
4898,Node A - Tojinbo,2026-10-01,2026-10-02,東尋坊温泉　三国オーシャンリゾート＆ホテル（旧：三国観光ホテル）,福井県坂井市三国町緑ヶ丘4-4-8 ,8000,4.19,True
14625,Node A - Tojinbo,2026-10-01,2026-10-02,荒磯料理　民宿　冨士,福井県坂井市三国町梶38-37-5,5830,4.36,True
193414,Node A - Tojinbo,2026-10-01,2026-10-02,恐竜古民家ホテルだいな荘,福井県坂井市三国町山王2-9-38　ミナト＆2階,8000,4.5,True
50199,Node A - Tojinbo,2026-10-01,2026-10-02,休暇村　越前三国,福井県坂井市三国町崎15-45,10500,4.39,True
188978,Node A - Tojinbo,2026-10-01,2026-10-02,オーベルジュほまち　三國湊（ミシュランセレクテッド２０２５）,福井県坂井市三国町南本町三丁目4-39,13310,4.7,True
181770,Node A - Tojinbo,2026-10-01,2026-10-02,夕陽の見える海鮮宿　大平庵,福井県坂井市三国町宿3-12-22,5500,3.98,True
142842,Node A - Tojinbo,2026-10-01,2026-10-02,三国温泉　展望自慢の料理旅館　はれや旅館,福井県坂井市三国町梶26-45-1,6600,4.25,True
151471,Node A - Tojinbo,2026-10-01,2026-10-02,詰所三國,福井県坂井市三国町南本町3-3-17,9215,5.0,True
199029,Node A - Tojinbo,2026-10-01,2026-10-02,ゲストハウス　レトロマチカ,福井県坂井市三国町神明2-4-2,4000,,False
173266,Node A - Tojinbo,2026-10-01,2026-10-02,ビビ民泊／民泊,福井県坂井市三国町緑ヶ丘4‐15‐32,4130,5.0,True
192215,Node A - Tojinbo,2026-10-01,2026-10-02,Ｏｒｕｇａ　Ｒｅｓｏｒｔ　オルガリゾート,福井県坂井市三国町浜地30字馬畔5-1,4800,4.41,True
199433,Node A - Tojinbo,2026-10-01,2026-10-02,ＰＡＷ　＆　ＳＴＡＹ　Ｍｉｋｕｎｉ,福井県坂井市三国町北本町1-4-38,10620,,False
135521,Node A - Tojinbo,2026-10-01,2026-10-02,料理旅館　ふくや,福井県坂井市三国町緑ヶ丘4-1-46,5500,4.5,True
194432,Node A - Tojinbo,2026-10-01,2026-10-02,Ａｕｂｅｒｇｅ　Ｓ＇Ａｍｕｓｅｒ　＾,福井県坂井市三国町北本町4-5-31　Ａｕｂｅｒｇｅ　Ｓ＇Ａｍｕｓｅｒ,16008,,False
196882,Node A - Tojinbo,2026-10-01,2026-10-02,Ｌａｐｉｔａ　Ｒｅｓｏｒｔ,福井県坂井市三国町梶31-32,67625,,False
188091,Node A - Tojinbo,2026-10-01,2026-10-02,モリス・リゾート東尋坊　｜　Ｍｏｒｒｉｓ　Ｒｅｓｏｒｔ　Ｔｏｈｇｉｎｂｏｗ,福井県坂井市三国町安島58-31-8,30400,4.25,True
74717,Node A - Tojinbo,2026-10-02,2026-10-03,ビジネスホテル　つるや,福井県坂井市三国町緑ヶ丘2-5-27,7150,3.9,True
14786,Node A - Tojinbo,2026-10-02,2026-10-03,リゾートホテル＆レストラン　なぎさ,福井県坂井市三国町梶,4500,3.74,True
177579,Node A - Tojinbo,2026-10-02,2026-10-03,風の杜,福井県坂井市三国町緑ヶ丘4-5-16,10340,4.76,True
4898,Node A - Tojinbo,2026-10-02,2026-10-03,東尋坊温泉　三国オーシャンリゾート＆ホテル（旧：三国観光ホテル）,福井県坂井市三国町緑ヶ丘4-4-8 ,8000,4.19,True
14625,Node A - Tojinbo,2026-10-02,2026-10-03,荒磯料理　民宿　冨士,福井県坂井市三国町梶38-37-5,5830,4.36,True
50199,Node A - Tojinbo,2026-10-02,2026-10-03,休暇村　越前三国,福井県坂井市三国町崎15-45,10500,4.39,True
181770,Node A - Tojinbo,2026-10-02,2026-10-03,夕陽の見える海鮮宿　大平庵,福井県坂井市三国町宿3-12-22,5500,3.98,True
142842,Node A - Tojinbo,2026-10-02,2026-10-03,三国温泉　展望自慢の料理旅館　はれや旅館,福井県坂井市三国町梶26-45-1,6600,4.25,True
151471,Node A - Tojinbo,2026-10-02,2026-10-03,詰所三國,福井県坂井市三国町南本町3-3-17,9215,5.0,True
173266,Node A - Tojinbo,2026-10-02,2026-10-03,ビビ民泊／民泊,福井県坂井市三国町緑ヶ丘4‐15‐32,4130,5.0,True
192215,Node A - Tojinbo,2026-10-02,2026-10-03,Ｏｒｕｇａ　Ｒｅｓｏｒｔ　オルガリゾート,福井県坂井市三国町浜地30字馬畔5-1,4800,4.41,True
199433,Node A - Tojinbo,2026-10-02,2026-10-03,ＰＡＷ　＆　ＳＴＡＹ　Ｍｉｋｕｎｉ,福井県坂井市三国町北本町1-4-38,10620,,False
135521,Node A - Tojinbo,2026-10-02,2026-10-03,料理旅館　ふくや,福井県坂井市三国町緑ヶ丘4-1-46,5500,4.5,True
194432,Node A - Tojinbo,2026-10-02,2026-10-03,Ａｕｂｅｒｇｅ　Ｓ＇Ａｍｕｓｅｒ　＾,福井県坂井市三国町北本町4-5-31　Ａｕｂｅｒｇｅ　Ｓ＇Ａｍｕｓｅｒ,16008,,False
196882,Node A - Tojinbo,2026-10-02,2026-10-03,Ｌａｐｉｔａ　Ｒｅｓｏｒｔ,福井県坂井市三国町梶31-32,67625,,False
188091,Node A - Tojinbo,2026-10-02,2026-10-03,モリス・リゾート東尋坊　｜　Ｍｏｒｒｉｓ　Ｒｅｓｏｒｔ　Ｔｏｈｇｉｎｂｏｗ,福井県坂井市三国町安島58-31-8,30400,4.25,True
14786,Node A - Tojinbo,2026-10-03,2026-10-04,リゾートホテル＆レストラン　なぎさ,福井県坂井市三国町梶,4500,3.74,True
50199,Node A - Tojinbo,2026-10-03,2026-10-04,休暇村　越前三国,福井県坂井市三国町崎15-45,10500,4.39,True
188978,Node A - Tojinbo,2026-10-03,2026-10-04,オーベルジュほまち　三國湊（ミシュランセレクテッド２０２５）,福井県坂井市三国町南本町三丁目4-39,13310,4.7,True
142842,Node A - Tojinbo,2026-10-03,2026-10-04,三国温泉　展望自慢の料理旅館　はれや旅館,福井県坂井市三国町梶26-45-1,6600,4.25,True
192215,Node A - Tojinbo,2026-10-03,2026-10-04,Ｏｒｕｇａ　Ｒｅｓｏｒｔ　オルガリゾート,福井県坂井市三国町浜地30字馬畔5-1,4800,4.41,True
196882,Node A - Tojinbo,2026-10-03,2026-10-04,Ｌａｐｉｔａ　Ｒｅｓｏｒｔ,福井県坂井市三国町梶31-32,67625,,False
188091,Node A - Tojinbo,2026-10-03,2026-10-04,モリス・リゾート東尋坊　｜　Ｍｏｒｒｉｓ　Ｒｅｓｏｒｔ　Ｔｏｈｇｉｎｂｏｗ,福井県坂井市三国町安島58-31-8,30400,4.25,True
74717,Node A - Tojinbo,2026-10-04,2026-10-05,ビジネスホテル　つるや,福井県坂井市三国町緑ヶ丘2-5-27,7150,3.9,True
14786,Node A - Tojinbo,2026-10-04,2026-10-05,リゾートホテル＆レストラン　なぎさ,福井県坂井市三国町梶,4500,3.74,True
14625,Node A - Tojinbo,2026-10-04,2026-10-05,荒磯料理　民宿　冨士,福井県坂井市三国町梶38-37-5,5830,4.36,True
50199,Node A - Tojinbo,2026-10-04,2026-10-05,休暇村　越前三国,福井県坂井市三国町崎15-45,10500,4.39,True
188978,Node A - Tojinbo,2026-10-04,2026-10-05,オーベルジュほまち　三國湊（ミシュランセレクテッド２０２５）,福井県坂井市三国町南本町三丁目4-39,13310,4.7,True
142842,Node A - Tojinbo,2026-10-04,2026-10-05,三国温泉　展望自慢の料理旅館　はれや旅館,福井県坂井市三国町梶26-45-1,6600,4.25,True
151471,Node A - Tojinbo,2026-10-04,2026-10-05,詰所三國,福井県坂井市三国町南本町3-3-17,9215,5.0,True
199029,Node A - Tojinbo,2026-10-04,2026-10-05,ゲストハウス　レトロマチカ,福井県坂井市三国町神明2-4-2,4000,,False
173266,Node A - Tojinbo,2026-10-04,2026-10-05,ビビ民泊／民泊,福井県坂井市三国町緑ヶ丘4‐15‐32,4130,5.0,True
199433,Node A - Tojinbo,2026-10-04,2026-10-05,ＰＡＷ　＆　ＳＴＡＹ　Ｍｉｋｕｎｉ,福井県坂井市三国町北本町1-4-38,10620,,False
192215,Node A - Tojinbo,2026-10-04,2026-10-05,Ｏｒｕｇａ　Ｒｅｓｏｒｔ　オルガリゾート,福井県坂井市三国町浜地30字馬畔5-1,4800,4.41,True
135521,Node A - Tojinbo,2026-10-04,2026-10-05,料理旅館　ふくや,福井県坂井市三国町緑ヶ丘4-1-46,5500,4.5,True
194432,Node A - Tojinbo,2026-10-04,2026-10-05,Ａｕｂｅｒｇｅ　Ｓ＇Ａｍｕｓｅｒ　＾,福井県坂井市三国町北本町4-5-31　Ａｕｂｅｒｇｅ　Ｓ＇Ａｍｕｓｅｒ,16008,,False
196882,Node A - Tojinbo,2026-10-04,2026-10-05,Ｌａｐｉｔａ　Ｒｅｓｏｒｔ,福井県坂井市三国町梶31-32,67625,,False
188091,Node A - Tojinbo,2026-10-04,2026-10-05,モリス・リゾート東尋坊　｜　Ｍｏｒｒｉｓ　Ｒｅｓｏｒｔ　Ｔｏｈｇｉｎｂｏｗ,福井県坂井市三国町安島58-31-8,30400,4.25,True
74717,Node A - Tojinbo,2026-10-05,2026-10-06,ビジネスホテル　つるや,福井県坂井市三国町緑ヶ丘2-5-27,7150,3.9,True
14786,Node A - Tojinbo,2026-10-05,2026-10-06,リゾートホテル＆レストラン　なぎさ,福井県坂井市三国町梶,4500,3.74,True
14625,Node A - Tojinbo,2026-10-05,2026-10-06,荒磯料理　民宿　冨士,福井県坂井市三国町梶38-37-5,5830,4.36,True
50199,Node A - Tojinbo,2026-10-05,2026-10-06,休暇村　越前三国,福井県坂井市三国町崎15-45,10500,4.39,True
188978,Node A - Tojinbo,2026-10-05,2026-10-06,オーベルジュほまち　三國湊（ミシュランセレクテッド２０２５）,福井県坂井市三国町南本町三丁目4-39,13310,4.7,True
142842,Node A - Tojinbo,2026-10-05,2026-10-06,三国温泉　展望自慢の料理旅館　はれや旅館,福井県坂井市三国町梶26-45-1,6600,4.25,True
151471,Node A - Tojinbo,2026-10-05,2026-10-06,詰所三國,福井県坂井市三国町南本町3-3-17,9215,5.0,True
199029,Node A - Tojinbo,2026-10-05,2026-10-06,ゲストハウス　レトロマチカ,福井県坂井市三国町神明2-4-2,4000,,False
173266,Node A - Tojinbo,2026-10-05,2026-10-06,ビビ民泊／民泊,福井県坂井市三国町緑ヶ丘4‐15‐32,4130,5.0,True
192215,Node A - Tojinbo,2026-10-05,2026-10-06,Ｏｒｕｇａ　Ｒｅｓｏｒｔ　オルガリゾート,福井県坂井市三国町浜地30字馬畔5-1,4800,4.41,True
199433,Node A - Tojinbo,2026-10-05,2026-10-06,ＰＡＷ　＆　ＳＴＡＹ　Ｍｉｋｕｎｉ,福井県坂井市三国町北本町1-4-38,10620,,False
135521,Node A - Tojinbo,2026-10-05,2026-10-06,料理旅館　ふくや,福井県坂井市三国町緑ヶ丘4-1-46,5500,4.5,True
196882,Node A - Tojinbo,2026-10-05,2026-10-06,Ｌａｐｉｔａ　Ｒｅｓｏｒｔ,福井県坂井市三国町梶31-32,67625,,False
188091,Node A - Tojinbo,2026-10-05,2026-10-06,モリス・リゾート東尋坊　｜　Ｍｏｒｒｉｓ　Ｒｅｓｏｒｔ　Ｔｏｈｇｉｎｂｏｗ,福井県坂井市三国町安島58-31-8,30400,4.25,True
181073,Node B - Fukui Station East,2026-10-01,2026-10-02,ホテルフジタ福井,福井県福井市大手3-12-20,5300,4.12,True
172494,Node B - Fukui Station East,2026-10-01,2026-10-02,天然温泉　羽二重の湯　ドーミーインＰＲＥＭＩＵＭ福井（ドーミーイン・御宿野乃　ホテルズグループ）,福井県福井市中央1-18-1,6300,4.44,True
2128,Node B - Fukui Station East,2026-10-01,2026-10-02,アパホテル〈福井片町〉,福井県福井市順化1-16-7,4275,3.99,True
52099,Node B - Fukui Station East,2026-10-01,2026-10-02,ホテルエコノ福井駅前,福井県福井市日之出1-1-17,3850,3.65,True
197927,Node B - Fukui Station East,2026-10-01,2026-10-02,天然温泉　越前の湯　御宿　野乃福井（２０２６年２月１８日ＯＰＥＮ）,福井県福井市大手3-7-2,7728,4.64,True
7142,Node B - Fukui Station East,2026-10-01,2026-10-02,アズイン福井（旧：エースイン福井）,福井県福井市中央3-4-20,5050,4.07,True
1999,Node B - Fukui Station East,2026-10-01,2026-10-02,ホテル京福　福井駅前,福井県福井市日之出1-18-1,2940,3.97,True
5156,Node B - Fukui Station East,2026-10-01,2026-10-02,福井パレスホテル,福井県福井市順化1-5-18,6050,3.82,True
141249,Node B - Fukui Station East,2026-10-01,2026-10-02,福井フェニックスホテル,福井県福井市大手2-4-18,5700,3.87,True
68681,Node B - Fukui Station East,2026-10-01,2026-10-02,ホテルルートイン福井駅前,福井県福井市大手2-1-14,6100,3.95,True
10787,Node B - Fukui Station East,2026-10-01,2026-10-02,福井プラザホテル,福井県福井市大手2-6-5,5300,3.95,True
189079,Node B - Fukui Station East,2026-10-01,2026-10-02,コートヤード・バイ・マリオット福井,福井県福井市中央1-3-5,7157,4.41,True
29376,Node B - Fukui Station East,2026-10-01,2026-10-02,福井アカデミアホテル,福井県福井市菅谷1-1-22,3900,4.29,True
9468,Node B - Fukui Station East,2026-10-01,2026-10-02,城町アネックス,福井県福井市大手2-18-1,6000,4.51,True
14187,Node B - Fukui Station East,2026-10-01,2026-10-02,宝永旅館,福井県福井市宝永3-7-16,6724,3.15,True
40116,Node B - Fukui Station East,2026-10-01,2026-10-02,かねこ旅館,福井県福井市文京4-2-7,5060,4.71,True
84678,Node B - Fukui Station East,2026-10-01,2026-10-02,香爐園,福井県福井市中央3-8-16,11000,0.0,True
84976,Node B - Fukui Station East,2026-10-01,2026-10-02,亀の井ホテル　福井,福井県福井市渕町43-17,8453,4.03,True
38665,Node B - Fukui Station East,2026-10-01,2026-10-02,日之出旅館,福井県福井市文京4-2-6,5200,3.86,True
78188,Node B - Fukui Station East,2026-10-01,2026-10-02,つきみ旅館,福井県福井市月見2-5-12,6600,4.0,True
194571,Node B - Fukui Station East,2026-10-01,2026-10-02,Ｚｅｎ　Ｓｔａｙ　春山　＾,福井県福井市春山1-1-39　Ｚｅｎ　Ｓｔａｙ　Ｈａｒｕｙａｍａ,12236,,False
181073,Node B - Fukui Station East,2026-10-02,2026-10-03,ホテルフジタ福井,福井県福井市大手3-12-20,5300,4.12,True
172494,Node B - Fukui Station East,2026-10-02,2026-10-03,天然温泉　羽二重の湯　ドーミーインＰＲＥＭＩＵＭ福井（ドーミーイン・御宿野乃　ホテルズグループ）,福井県福井市中央1-18-1,6300,4.44,True
2128,Node B - Fukui Station East,2026-10-02,2026-10-03,アパホテル〈福井片町〉,福井県福井市順化1-16-7,4275,3.99,True
52099,Node B - Fukui Station East,2026-10-02,2026-10-03,ホテルエコノ福井駅前,福井県福井市日之出1-1-17,3850,3.65,True
197927,Node B - Fukui Station East,2026-10-02,2026-10-03,天然温泉　越前の湯　御宿　野乃福井（２０２６年２月１８日ＯＰＥＮ）,福井県福井市大手3-7-2,7728,4.64,True
1999,Node B - Fukui Station East,2026-10-02,2026-10-03,ホテル京福　福井駅前,福井県福井市日之出1-18-1,2940,3.97,True
5156,Node B - Fukui Station East,2026-10-02,2026-10-03,福井パレスホテル,福井県福井市順化1-5-18,6050,3.82,True
141249,Node B - Fukui Station East,2026-10-02,2026-10-03,福井フェニックスホテル,福井県福井市大手2-4-18,5700,3.87,True
68681,Node B - Fukui Station East,2026-10-02,2026-10-03,ホテルルートイン福井駅前,福井県福井市大手2-1-14,6100,3.95,True
168,Node B - Fukui Station East,2026-10-02,2026-10-03,ホテルリバージュアケボノ,福井県福井市中央3-10-12　,4900,4.39,True
10787,Node B - Fukui Station East,2026-10-02,2026-10-03,福井プラザホテル,福井県福井市大手2-6-5,5300,3.95,True
189079,Node B - Fukui Station East,2026-10-02,2026-10-03,コートヤード・バイ・マリオット福井,福井県福井市中央1-3-5,7157,4.41,True
9468,Node B - Fukui Station East,2026-10-02,2026-10-03,城町アネックス,福井県福井市大手2-18-1,6000,4.51,True
14187,Node B - Fukui Station East,2026-10-02,2026-10-03,宝永旅館,福井県福井市宝永3-7-16,6724,3.15,True
40116,Node B - Fukui Station East,2026-10-02,2026-10-03,かねこ旅館,福井県福井市文京4-2-7,5060,4.71,True
84976,Node B - Fukui Station East,2026-10-02,2026-10-03,亀の井ホテル　福井,福井県福井市渕町43-17,8453,4.03,True
38665,Node B - Fukui Station East,2026-10-02,2026-10-03,日之出旅館,福井県福井市文京4-2-6,5200,3.86,True
181073,Node B - Fukui Station East,2026-10-03,2026-10-04,ホテルフジタ福井,福井県福井市大手3-12-20,5300,4.12,True
172494,Node B - Fukui Station East,2026-10-03,2026-10-04,天然温泉　羽二重の湯　ドーミーインＰＲＥＭＩＵＭ福井（ドーミーイン・御宿野乃　ホテルズグループ）,福井県福井市中央1-18-1,6300,4.44,True
2128,Node B - Fukui Station East,2026-10-03,2026-10-04,アパホテル〈福井片町〉,福井県福井市順化1-16-7,4275,3.99,True
197927,Node B - Fukui Station East,2026-10-03,2026-10-04,天然温泉　越前の湯　御宿　野乃福井（２０２６年２月１８日ＯＰＥＮ）,福井県福井市大手3-7-2,7728,4.64,True
1999,Node B - Fukui Station East,2026-10-03,2026-10-04,ホテル京福　福井駅前,福井県福井市日之出1-18-1,2940,3.97,True
168,Node B - Fukui Station East,2026-10-03,2026-10-04,ホテルリバージュアケボノ,福井県福井市中央3-10-12　,4900,4.39,True
9468,Node B - Fukui Station East,2026-10-03,2026-10-04,城町アネックス,福井県福井市大手2-18-1,6000,4.51,True
14187,Node B - Fukui Station East,2026-10-03,2026-10-04,宝永旅館,福井県福井市宝永3-7-16,6724,3.15,True
84678,Node B - Fukui Station East,2026-10-03,2026-10-04,香爐園,福井県福井市中央3-8-16,11000,0.0,True
13537,Node B - Fukui Station East,2026-10-03,2026-10-04,河甚旅館,福井県福井市足羽1-7-16,6050,4.48,True
84976,Node B - Fukui Station East,2026-10-03,2026-10-04,亀の井ホテル　福井,福井県福井市渕町43-17,8453,4.03,True
194571,Node B - Fukui Station East,2026-10-03,2026-10-04,Ｚｅｎ　Ｓｔａｙ　春山　＾,福井県福井市春山1-1-39　Ｚｅｎ　Ｓｔａｙ　Ｈａｒｕｙａｍａ,12236,,False
181073,Node B - Fukui Station East,2026-10-04,2026-10-05,ホテルフジタ福井,福井県福井市大手3-12-20,5300,4.12,True
172494,Node B - Fukui Station East,2026-10-04,2026-10-05,天然温泉　羽二重の湯　ドーミーインＰＲＥＭＩＵＭ福井（ドーミーイン・御宿野乃　ホテルズグループ）,福井県福井市中央1-18-1,6300,4.44,True
2128,Node B - Fukui Station East,2026-10-04,2026-10-05,アパホテル〈福井片町〉,福井県福井市順化1-16-7,4275,3.99,True
52099,Node B - Fukui Station East,2026-10-04,2026-10-05,ホテルエコノ福井駅前,福井県福井市日之出1-1-17,3850,3.65,True
197927,Node B - Fukui Station East,2026-10-04,2026-10-05,天然温泉　越前の湯　御宿　野乃福井（２０２６年２月１８日ＯＰＥＮ）,福井県福井市大手3-7-2,7728,4.64,True
7142,Node B - Fukui Station East,2026-10-04,2026-10-05,アズイン福井（旧：エースイン福井）,福井県福井市中央3-4-20,5050,4.07,True
151361,Node B - Fukui Station East,2026-10-04,2026-10-05,福井マンテンホテル駅前（マンテンホテルグループ）,福井県福井市中央1-11-1,4892,4.35,True
1999,Node B - Fukui Station East,2026-10-04,2026-10-05,ホテル京福　福井駅前,福井県福井市日之出1-18-1,2940,3.97,True
68558,Node B - Fukui Station East,2026-10-04,2026-10-05,東横ＩＮＮ福井駅前,福井県福井市大手2-1-1,5513,4.08,True
5156,Node B - Fukui Station East,2026-10-04,2026-10-05,福井パレスホテル,福井県福井市順化1-5-18,6050,3.82,True
141249,Node B - Fukui Station East,2026-10-04,2026-10-05,福井フェニックスホテル,福井県福井市大手2-4-18,5700,3.87,True
68681,Node B - Fukui Station East,2026-10-04,2026-10-05,ホテルルートイン福井駅前,福井県福井市大手2-1-14,6100,3.95,True
168,Node B - Fukui Station East,2026-10-04,2026-10-05,ホテルリバージュアケボノ,福井県福井市中央3-10-12　,4900,4.39,True
8373,Node B - Fukui Station East,2026-10-04,2026-10-05,ホテルフクイキャッスル,福井県福井市大手2-19-5,3135,3.9,True
7090,Node B - Fukui Station East,2026-10-04,2026-10-05,福井パレスイン,福井県福井市順化1-12-17,4070,3.62,True
10787,Node B - Fukui Station East,2026-10-04,2026-10-05,福井プラザホテル,福井県福井市大手2-6-5,5300,3.95,True
29376,Node B - Fukui Station East,2026-10-04,2026-10-05,福井アカデミアホテル,福井県福井市菅谷1-1-22,3900,4.29,True
14187,Node B - Fukui Station East,2026-10-04,2026-10-05,宝永旅館,福井県福井市宝永3-7-16,6724,3.15,True
149420,Node B - Fukui Station East,2026-10-04,2026-10-05,ゲストＨＯＵＳＥ　Ｌｏｕｎｇｅたき,福井県福井市勝見2-8-5,4500,4.0,True
84976,Node B - Fukui Station East,2026-10-04,2026-10-05,亀の井ホテル　福井,福井県福井市渕町43-17,8453,4.03,True
194571,Node B - Fukui Station East,2026-10-04,2026-10-05,Ｚｅｎ　Ｓｔａｙ　春山　＾,福井県福井市春山1-1-39　Ｚｅｎ　Ｓｔａｙ　Ｈａｒｕｙａｍａ,12236,,False
181073,Node B - Fukui Station East,2026-10-05,2026-10-06,ホテルフジタ福井,福井県福井市大手3-12-20,5300,4.12,True
172494,Node B - Fukui Station East,2026-10-05,2026-10-06,天然温泉　羽二重の湯　ドーミーインＰＲＥＭＩＵＭ福井（ドーミーイン・御宿野乃　ホテルズグループ）,福井県福井市中央1-18-1,6300,4.44,True
2128,Node B - Fukui Station East,2026-10-05,2026-10-06,アパホテル〈福井片町〉,福井県福井市順化1-16-7,4275,3.99,True
52099,Node B - Fukui Station East,2026-10-05,2026-10-06,ホテルエコノ福井駅前,福井県福井市日之出1-1-17,3850,3.65,True
197927,Node B - Fukui Station East,2026-10-05,2026-10-06,天然温泉　越前の湯　御宿　野乃福井（２０２６年２月１８日ＯＰＥＮ）,福井県福井市大手3-7-2,7728,4.64,True
7142,Node B - Fukui Station East,2026-10-05,2026-10-06,アズイン福井（旧：エースイン福井）,福井県福井市中央3-4-20,5050,4.07,True
151361,Node B - Fukui Station East,2026-10-05,2026-10-06,福井マンテンホテル駅前（マンテンホテルグループ）,福井県福井市中央1-11-1,4892,4.35,True
1999,Node B - Fukui Station East,2026-10-05,2026-10-06,ホテル京福　福井駅前,福井県福井市日之出1-18-1,2940,3.97,True
68558,Node B - Fukui Station East,2026-10-05,2026-10-06,東横ＩＮＮ福井駅前,福井県福井市大手2-1-1,5513,4.08,True
5156,Node B - Fukui Station East,2026-10-05,2026-10-06,福井パレスホテル,福井県福井市順化1-5-18,6050,3.82,True
141249,Node B - Fukui Station East,2026-10-05,2026-10-06,福井フェニックスホテル,福井県福井市大手2-4-18,5700,3.87,True
68681,Node B - Fukui Station East,2026-10-05,2026-10-06,ホテルルートイン福井駅前,福井県福井市大手2-1-14,6100,3.95,True
168,Node B - Fukui Station East,2026-10-05,2026-10-06,ホテルリバージュアケボノ,福井県福井市中央3-10-12　,4900,4.39,True
8373,Node B - Fukui Station East,2026-10-05,2026-10-06,ホテルフクイキャッスル,福井県福井市大手2-19-5,3135,3.9,True
7090,Node B - Fukui Station East,2026-10-05,2026-10-06,福井パレスイン,福井県福井市順化1-12-17,4070,3.62,True
10787,Node B - Fukui Station East,2026-10-05,2026-10-06,福井プラザホテル,福井県福井市大手2-6-5,5300,3.95,True
189079,Node B - Fukui Station East,2026-10-05,2026-10-06,コートヤード・バイ・マリオット福井,福井県福井市中央1-3-5,7157,4.41,True
29376,Node B - Fukui Station East,2026-10-05,2026-10-06,福井アカデミアホテル,福井県福井市菅谷1-1-22,3900,4.29,True
9468,Node B - Fukui Station East,2026-10-05,2026-10-06,城町アネックス,福井県福井市大手2-18-1,6000,4.51,True
14187,Node B - Fukui Station East,2026-10-05,2026-10-06,宝永旅館,福井県福井市宝永3-7-16,6724,3.15,True
40116,Node B - Fukui Station East,2026-10-05,2026-10-06,かねこ旅館,福井県福井市文京4-2-7,5060,4.71,True
84678,Node B - Fukui Station East,2026-10-05,2026-10-06,香爐園,福井県福井市中央3-8-16,11000,0.0,True
84976,Node B - Fukui Station East,2026-10-05,2026-10-06,亀の井ホテル　福井,福井県福井市渕町43-17,8453,4.03,True
38665,Node B - Fukui Station East,2026-10-05,2026-10-06,日之出旅館,福井県福井市文京4-2-6,5200,3.86,True
78188,Node B - Fukui Station East,2026-10-05,2026-10-06,つきみ旅館,福井県福井市月見2-5-12,6600,4.0,True
194571,Node B - Fukui Station East,2026-10-05,2026-10-06,Ｚｅｎ　Ｓｔａｙ　春山　＾,福井県福井市春山1-1-39　Ｚｅｎ　Ｓｔａｙ　Ｈａｒｕｙａｍａ,12236,,False
14137,Node C - Katsuyama/Dinosaur Museum,2026-10-01,2026-10-02,平尾ペンション,福井県勝山市村岡町滝波19-15-2,5280,4.0,True
39289,Node C - Katsuyama/Dinosaur Museum,2026-10-01,2026-10-02,料亭旅館板甚,福井県勝山市本町2-5-14,5500,2.89,True
189063,Node C - Katsuyama/Dinosaur Museum,2026-10-01,2026-10-02,Ｄｉｎｏｓａｕｒ　Ｇｕｅｓｔｈｏｕｓｅ,福井県勝山市昭和町3-1-43-5,4000,4.86,True
138070,Node C - Katsuyama/Dinosaur Museum,2026-10-01,2026-10-02,横倉鉱泉,福井県勝山市郡町2-9-6,59600,5.0,True
14137,Node C - Katsuyama/Dinosaur Museum,2026-10-02,2026-10-03,平尾ペンション,福井県勝山市村岡町滝波19-15-2,5280,4.0,True
39289,Node C - Katsuyama/Dinosaur Museum,2026-10-02,2026-10-03,料亭旅館板甚,福井県勝山市本町2-5-14,5500,2.89,True
189063,Node C - Katsuyama/Dinosaur Museum,2026-10-02,2026-10-03,Ｄｉｎｏｓａｕｒ　Ｇｕｅｓｔｈｏｕｓｅ,福井県勝山市昭和町3-1-43-5,4000,4.86,True
138070,Node C - Katsuyama/Dinosaur Museum,2026-10-02,2026-10-03,横倉鉱泉,福井県勝山市郡町2-9-6,59600,5.0,True
14137,Node C - Katsuyama/Dinosaur Museum,2026-10-03,2026-10-04,平尾ペンション,福井県勝山市村岡町滝波19-15-2,5280,4.0,True
138070,Node C - Katsuyama/Dinosaur Museum,2026-10-03,2026-10-04,横倉鉱泉,福井県勝山市郡町2-9-6,59600,5.0,True
14137,Node C - Katsuyama/Dinosaur Museum,2026-10-04,2026-10-05,平尾ペンション,福井県勝山市村岡町滝波19-15-2,5280,4.0,True
199089,Node C - Katsuyama/Dinosaur Museum,2026-10-04,2026-10-05,日帰り天然温泉　恐竜のお宿＆ＳＰＡ（旧：勝山温泉センター　水芭蕉）,福井県勝山市村岡町浄土寺30-11,5100,4.0,True
39289,Node C - Katsuyama/Dinosaur Museum,2026-10-04,2026-10-05,料亭旅館板甚,福井県勝山市本町2-5-14,5500,2.89,True
189063,Node C - Katsuyama/Dinosaur Museum,2026-10-04,2026-10-05,Ｄｉｎｏｓａｕｒ　Ｇｕｅｓｔｈｏｕｓｅ,福井県勝山市昭和町3-1-43-5,4000,4.86,True
138100,Node C - Katsuyama/Dinosaur Museum,2026-10-04,2026-10-05,民宿　松原旅館,福井県勝山市村岡町寺尾26-28,8800,4.4,True
14137,Node C - Katsuyama/Dinosaur Museum,2026-10-05,2026-10-06,平尾ペンション,福井県勝山市村岡町滝波19-15-2,5280,4.0,True
199089,Node C - Katsuyama/Dinosaur Museum,2026-10-05,2026-10-06,日帰り天然温泉　恐竜のお宿＆ＳＰＡ（旧：勝山温泉センター　水芭蕉）,福井県勝山市村岡町浄土寺30-11,5100,4.0,True
39289,Node C - Katsuyama/Dinosaur Museum,2026-10-05,2026-10-06,料亭旅館板甚,福井県勝山市本町2-5-14,5500,2.89,True
189063,Node C - Katsuyama/Dinosaur Museum,2026-10-05,2026-10-06,Ｄｉｎｏｓａｕｒ　Ｇｕｅｓｔｈｏｕｓｅ,福井県勝山市昭和町3-1-43-5,4000,4.86,True
138100,Node C - Katsuyama/Dinosaur Museum,2026-10-05,2026-10-06,民宿　松原旅館,福井県勝山市村岡町寺尾26-28,8800,4.4,True
192047,Node C - Katsuyama/Dinosaur Museum,2026-10-05,2026-10-06,貸切民泊　志ろきや,福井県勝山市栄町3-6-31,10410,,False
138070,Node C - Katsuyama/Dinosaur Museum,2026-10-05,2026-10-06,横倉鉱泉,福井県勝山市郡町2-9-6,59600,5.0,True
198810,Node D - Rainbow Line,2026-10-01,2026-10-02,しろごろ,福井県三方上中郡若狭町小川2-25,11500,4.63,True
198810,Node D - Rainbow Line,2026-10-02,2026-10-03,しろごろ,福井県三方上中郡若狭町小川2-25,11500,4.63,True
18959,Node D - Rainbow Line,2026-10-02,2026-10-03,若狭・三方五湖の湖畔にあるクラフトビールの宿　湖上館ＰＡＭＣＯ（パムコ）,福井県三方上中郡若狭町海山64-9-1,7150,4.5,True
198810,Node D - Rainbow Line,2026-10-04,2026-10-05,しろごろ,福井県三方上中郡若狭町小川2-25,11500,4.63,True
18959,Node D - Rainbow Line,2026-10-04,2026-10-05,若狭・三方五湖の湖畔にあるクラフトビールの宿　湖上館ＰＡＭＣＯ（パムコ）,福井県三方上中郡若狭町海山64-9-1,7150,4.5,True
166947,Node D - Rainbow Line,2026-10-05,2026-10-06,虹岳島温泉　虹岳島荘,福井県三方上中郡若狭町気山334-1-8,8800,3.79,True
18959,Node D - Rainbow Line,2026-10-05,2026-10-06,若狭・三方五湖の湖畔にあるクラフトビールの宿　湖上館ＰＡＭＣＯ（パムコ）,福井県三方上中郡若狭町海山64-9-1,7150,4.5,True
687,Node E - Obama (additional),2026-10-01,2026-10-02,夕雅と旬彩の宿　せくみ屋,福井県小浜市小浜白鬚113番地,6600,3.98,True
20109,Node E - Obama (additional),2026-10-01,2026-10-02,若狭小浜　若杉,福井県小浜市駅前町7-16,6050,4.27,True
197910,Node E - Obama (additional),2026-10-01,2026-10-02,ビジネスホテル　れんが亭,福井県小浜市駅前町9-18,6300,3.82,True
9480,Node E - Obama (additional),2026-10-01,2026-10-02,ホテル　ナガタ,福井県小浜市小浜香取33,5800,3.69,True
73962,Node E - Obama (additional),2026-10-01,2026-10-02,若杉末広亭,福井県小浜市大手町8-5,6050,4.38,True
75186,Node E - Obama (additional),2026-10-01,2026-10-02,ホテルアーバンポート,福井県小浜市小浜白鳥72-1,6380,3.91,True
9053,Node E - Obama (additional),2026-10-01,2026-10-02,ビジネスホテル山海,福井県小浜市駅前町15-13,4125,2.88,True
200481,Node E - Obama (additional),2026-10-01,2026-10-02,Ｓｅａｓｉｄｅ　Ｈｏｔｅｌ　ＡＭＡＮＥ　／海音　＾,福井県小浜市小浜貴船63,6750,4.4,True
194634,Node E - Obama (additional),2026-10-01,2026-10-02,セカンドハウス広峰　＾,福井県小浜市小浜広峰56-3-1　セカンドハウス広峰,9512,,False
162866,Node E - Obama (additional),2026-10-01,2026-10-02,若狭・小浜の歴史ある町並み　一棟貸しの古民家宿「小浜町家ステイ」,福井県小浜市和久里24-45-2,5000,4.74,True
197126,Node E - Obama (additional),2026-10-01,2026-10-02,椿とことは〜岩盤スパのある　美と健康のお籠り宿〜,福井県小浜市小浜飛鳥97,16940,,False
20109,Node E - Obama (additional),2026-10-02,2026-10-03,若狭小浜　若杉,福井県小浜市駅前町7-16,6050,4.27,True
197910,Node E - Obama (additional),2026-10-02,2026-10-03,ビジネスホテル　れんが亭,福井県小浜市駅前町9-18,6300,3.82,True
9480,Node E - Obama (additional),2026-10-02,2026-10-03,ホテル　ナガタ,福井県小浜市小浜香取33,5800,3.69,True
73962,Node E - Obama (additional),2026-10-02,2026-10-03,若杉末広亭,福井県小浜市大手町8-5,6050,4.38,True
75186,Node E - Obama (additional),2026-10-02,2026-10-03,ホテルアーバンポート,福井県小浜市小浜白鳥72-1,6380,3.91,True
9053,Node E - Obama (additional),2026-10-02,2026-10-03,ビジネスホテル山海,福井県小浜市駅前町15-13,4125,2.88,True
200481,Node E - Obama (additional),2026-10-02,2026-10-03,Ｓｅａｓｉｄｅ　Ｈｏｔｅｌ　ＡＭＡＮＥ　／海音　＾,福井県小浜市小浜貴船63,6750,4.4,True
162866,Node E - Obama (additional),2026-10-02,2026-10-03,若狭・小浜の歴史ある町並み　一棟貸しの古民家宿「小浜町家ステイ」,福井県小浜市和久里24-45-2,5000,4.74,True
194634,Node E - Obama (additional),2026-10-02,2026-10-03,セカンドハウス広峰　＾,福井県小浜市小浜広峰56-3-1　セカンドハウス広峰,9512,,False
197126,Node E - Obama (additional),2026-10-02,2026-10-03,椿とことは〜岩盤スパのある　美と健康のお籠り宿〜,福井県小浜市小浜飛鳥97,16940,,False
687,Node E - Obama (additional),2026-10-03,2026-10-04,夕雅と旬彩の宿　せくみ屋,福井県小浜市小浜白鬚113番地,6600,3.98,True
20109,Node E - Obama (additional),2026-10-03,2026-10-04,若狭小浜　若杉,福井県小浜市駅前町7-16,6050,4.27,True
197910,Node E - Obama (additional),2026-10-03,2026-10-04,ビジネスホテル　れんが亭,福井県小浜市駅前町9-18,6300,3.82,True
9480,Node E - Obama (additional),2026-10-03,2026-10-04,ホテル　ナガタ,福井県小浜市小浜香取33,5800,3.69,True
73962,Node E - Obama (additional),2026-10-03,2026-10-04,若杉末広亭,福井県小浜市大手町8-5,6050,4.38,True
75186,Node E - Obama (additional),2026-10-03,2026-10-04,ホテルアーバンポート,福井県小浜市小浜白鳥72-1,6380,3.91,True
9053,Node E - Obama (additional),2026-10-03,2026-10-04,ビジネスホテル山海,福井県小浜市駅前町15-13,4125,2.88,True
200481,Node E - Obama (additional),2026-10-03,2026-10-04,Ｓｅａｓｉｄｅ　Ｈｏｔｅｌ　ＡＭＡＮＥ　／海音　＾,福井県小浜市小浜貴船63,6750,4.4,True
194634,Node E - Obama (additional),2026-10-03,2026-10-04,セカンドハウス広峰　＾,福井県小浜市小浜広峰56-3-1　セカンドハウス広峰,9512,,False
162866,Node E - Obama (additional),2026-10-03,2026-10-04,若狭・小浜の歴史ある町並み　一棟貸しの古民家宿「小浜町家ステイ」,福井県小浜市和久里24-45-2,5000,4.74,True
687,Node E - Obama (additional),2026-10-04,2026-10-05,夕雅と旬彩の宿　せくみ屋,福井県小浜市小浜白鬚113番地,6600,3.98,True
20109,Node E - Obama (additional),2026-10-04,2026-10-05,若狭小浜　若杉,福井県小浜市駅前町7-16,6050,4.27,True
197910,Node E - Obama (additional),2026-10-04,2026-10-05,ビジネスホテル　れんが亭,福井県小浜市駅前町9-18,6300,3.82,True
9480,Node E - Obama (additional),2026-10-04,2026-10-05,ホテル　ナガタ,福井県小浜市小浜香取33,5800,3.69,True
73962,Node E - Obama (additional),2026-10-04,2026-10-05,若杉末広亭,福井県小浜市大手町8-5,6050,4.38,True
75186,Node E - Obama (additional),2026-10-04,2026-10-05,ホテルアーバンポート,福井県小浜市小浜白鳥72-1,6380,3.91,True
9053,Node E - Obama (additional),2026-10-04,2026-10-05,ビジネスホテル山海,福井県小浜市駅前町15-13,4125,2.88,True
200481,Node E - Obama (additional),2026-10-04,2026-10-05,Ｓｅａｓｉｄｅ　Ｈｏｔｅｌ　ＡＭＡＮＥ　／海音　＾,福井県小浜市小浜貴船63,6750,4.4,True
194634,Node E - Obama (additional),2026-10-04,2026-10-05,セカンドハウス広峰　＾,福井県小浜市小浜広峰56-3-1　セカンドハウス広峰,9512,,False
162866,Node E - Obama (additional),2026-10-04,2026-10-05,若狭・小浜の歴史ある町並み　一棟貸しの古民家宿「小浜町家ステイ」,福井県小浜市和久里24-45-2,5000,4.74,True
197126,Node E - Obama (additional),2026-10-04,2026-10-05,椿とことは〜岩盤スパのある　美と健康のお籠り宿〜,福井県小浜市小浜飛鳥97,16940,,False
687,Node E - Obama (additional),2026-10-05,2026-10-06,夕雅と旬彩の宿　せくみ屋,福井県小浜市小浜白鬚113番地,6600,3.98,True
20109,Node E - Obama (additional),2026-10-05,2026-10-06,若狭小浜　若杉,福井県小浜市駅前町7-16,6050,4.27,True
197910,Node E - Obama (additional),2026-10-05,2026-10-06,ビジネスホテル　れんが亭,福井県小浜市駅前町9-18,6300,3.82,True
9480,Node E - Obama (additional),2026-10-05,2026-10-06,ホテル　ナガタ,福井県小浜市小浜香取33,5800,3.69,True
73962,Node E - Obama (additional),2026-10-05,2026-10-06,若杉末広亭,福井県小浜市大手町8-5,6050,4.38,True
75186,Node E - Obama (additional),2026-10-05,2026-10-06,ホテルアーバンポート,福井県小浜市小浜白鳥72-1,6380,3.91,True
9053,Node E - Obama (additional),2026-10-05,2026-10-06,ビジネスホテル山海,福井県小浜市駅前町15-13,4125,2.88,True
200481,Node E - Obama (additional),2026-10-05,2026-10-06,Ｓｅａｓｉｄｅ　Ｈｏｔｅｌ　ＡＭＡＮＥ　／海音　＾,福井県小浜市小浜貴船63,6750,4.4,True
194634,Node E - Obama (additional),2026-10-05,2026-10-06,セカンドハウス広峰　＾,福井県小浜市小浜広峰56-3-1　セカンドハウス広峰,9512,,False
162866,Node E - Obama (additional),2026-10-05,2026-10-06,若狭・小浜の歴史ある町並み　一棟貸しの古民家宿「小浜町家ステイ」,福井県小浜市和久里24-45-2,5000,4.74,True
197126,Node E - Obama (additional),2026-10-05,2026-10-06,椿とことは〜岩盤スパのある　美と健康のお籠り宿〜,福井県小浜市小浜飛鳥97,16940,,False
